"设备代码（合并）","产品实际名称（合并）","版本","Build 号","固件名称","名称来源"
"AudioAccessory5,1","HomePod mini","26.5","23L471","AudioAccessory5,1_26.5_23L471_Restore.ipsw","https://api.ipsw.me/v4/devices"
"iPad1,1","iPad 1","5.1.1","9B206","iPad1,1_5.1.1_9B206_Restore.ipsw","https://api.ipsw.me/v4/devices"
"iPad2,1","iPad 2 (WiFi)","9.3.5","13G36","iPad2,1_9.3.5_13G36_Restore.ipsw","https://api.ipsw.me/v4/devices"
"iPad2,2","iPad 2 (GSM)","9.3.5","13G36","iPad2,2_9.3.5_13G36_Restore.ipsw","https://api.ipsw.me/v4/devices"
"iPad2,3","iPad 2 (CDMA)","9.3.6","13G37","iPad2,3_9.3.6_13G37_Restore.ipsw","https://api.ipsw.me/v4/devices"
"iPad2,4","iPad 2 (Mid 2012)","9.3.5","13G36","iPad2,4_9.3.5_13G36_Restore.ipsw","https://api.ipsw.me/v4/devices"
"iPad2,5","iPad mini (WiFi)","9.3.5","13G36","iPad2,5_9.3.5_13G36_Restore.ipsw","https://api.ipsw.me/v4/devices"
"iPad2,6","iPad mini (GSM)","9.3.6","13G37","iPad2,6_9.3.6_13G37_Restore.ipsw","https://api.ipsw.me/v4/devices"
"iPad2,7","iPad mini (Global)","9.3.6","13G37","iPad2,7_9.3.6_13G37_Restore.ipsw","https://api.ipsw.me/v4/devices"
"iPad3,1","iPad 3 (WiFi)","9.3.5","13G36","iPad3,1_9.3.5_13G36_Restore.ipsw","https://api.ipsw.me/v4/devices"
"iPad3,2","iPad 3 (CDMA)","9.3.6","13G37","iPad3,2_9.3.6_13G37_Restore.ipsw","https://api.ipsw.me/v4/devices"
"iPad3,3","iPad 3 (GSM)","9.3.6","13G37","iPad3,3_9.3.6_13G37_Restore.ipsw","https://api.ipsw.me/v4/devices"
"iPad3,4","iPad 4 (WiFi)","10.3.3","14G60","iPad_32bit_10.3.3_14G60_Restore.ipsw","https://api.ipsw.me/v4/devices"
"iPad3,5；iPad3,6","iPad 4 (GSM / Global)","10.3.4","14G61","iPad_32bit_10.3.4_14G61_Restore.ipsw","https://api.ipsw.me/v4/devices"
"iPad4,1；iPad4,2；iPad4,3；iPad4,4；iPad4,5；iPad4,6","iPad Air；iPad mini 2","12.5.8","16H88","iPad_64bit_12.5.8_16H88_Restore.ipsw","https://api.ipsw.me/v4/devices"
"iPad4,7；iPad4,8；iPad4,9","iPad mini 3","12.5.8","16H88","iPad_64bit_TouchID_12.5.8_16H88_Restore.ipsw","https://api.ipsw.me/v4/devices"
"iPad5,1；iPad5,2；iPad5,3；iPad5,4","iPad mini 4；iPad Air 2","15.8.8","19H422","iPad_64bit_TouchID_15.8.8_19H422_Restore.ipsw","https://api.ipsw.me/v4/devices"
"iPad6,3；iPad6,4","iPad Pro 9.7-inch","16.7.16","20H392","iPadPro_9.7_16.7.16_20H392_Restore.ipsw","https://api.ipsw.me/v4/devices"
"iPad6,7；iPad6,8","iPad Pro 12.9-inch","16.7.16","20H392","iPadPro_12.9_16.7.16_20H392_Restore.ipsw","https://api.ipsw.me/v4/devices"
"iPad6,11；iPad6,12","iPad 5","16.7.16","20H392","iPad_64bit_TouchID_ASTC_16.7.16_20H392_Restore.ipsw","https://api.ipsw.me/v4/devices"
"iPad7,1；iPad7,2；iPad7,3；iPad7,4","iPad Pro 2 12.9-inch；iPad Pro 10.5-inch","17.7.11","21H461","iPad_Pro_HFR_17.7.11_21H461_Restore.ipsw","https://api.ipsw.me/v4/devices"
"iPad7,5；iPad7,6","iPad 6","17.7.11","21H461","iPad_64bit_TouchID_ASTC_17.7.11_21H461_Restore.ipsw","https://api.ipsw.me/v4/devices"
"iPad7,11；iPad7,12","iPad 7","18.7.9","22H355","iPad_10.2_18.7.9_22H355_Restore.ipsw","https://api.ipsw.me/v4/devices"
"iPad8,1；iPad8,2；iPad8,3；iPad8,4；iPad8,5；iPad8,6；iPad8,7；iPad8,8；iPad8,9；iPad8,10；iPad8,11；iPad8,12","iPad Pro 3 11-inch；iPad Pro 3 12.9-inch；iPad Pro 4 11-inch；iPad Pro 4 12.9-inch","26.5.2","23F84","iPad_Pro_A12X_A12Z_26.5.2_23F84_Restore.ipsw","https://api.ipsw.me/v4/devices"
"iPad11,1；iPad11,2；iPad11,3；iPad11,4","iPad mini 5；iPad Air 3","26.5.2","23F84","iPad_Spring_2019_26.5.2_23F84_Restore.ipsw","https://api.ipsw.me/v4/devices"
"iPad11,6；iPad11,7","iPad 8","26.5.2","23F84","iPad_10.2_2020_26.5.2_23F84_Restore.ipsw","https://api.ipsw.me/v4/devices"
"iPad12,1；iPad12,2","iPad (9th generation)","26.5.2","23F84","iPad_10.2_2021_26.5.2_23F84_Restore.ipsw","https://api.ipsw.me/v4/devices"
"iPad13,1；iPad13,2","iPad Air 4","26.5.2","23F84","iPad_Fall_2020_26.5.2_23F84_Restore.ipsw","https://api.ipsw.me/v4/devices"
"iPad13,4；iPad13,5；iPad13,6；iPad13,7；iPad13,8；iPad13,9；iPad13,10；iPad13,11","iPad Pro 11-inch (3rd generation)；iPad Pro 12.9-inch (5th generation)","26.5.2","23F84","iPad_Pro_Spring_2021_26.5.2_23F84_Restore.ipsw","https://api.ipsw.me/v4/devices"
"iPad13,16；iPad13,17","iPad Air 5","26.5.2","23F84","iPad_Spring_2022_26.5.2_23F84_Restore.ipsw","https://api.ipsw.me/v4/devices"
"iPad13,18；iPad13,19","iPad (10th generation)","26.5.2","23F84","iPad_Fall_2022_26.5.2_23F84_Restore.ipsw","https://api.ipsw.me/v4/devices"
"iPad14,1；iPad14,2","iPad mini 6","26.5.2","23F84","iPad_Fall_2021_26.5.2_23F84_Restore.ipsw","https://api.ipsw.me/v4/devices"
"iPad14,3；iPad14,4；iPad14,5；iPad14,6","iPad Pro 11-inch (4th generation)；iPad Pro 12.9-inch (6th generation)","26.5.2","23F84","iPad14,3,iPad14,4,iPad14,5,iPad14,6_26.5.2_23F84_Restore.ipsw","https://api.ipsw.me/v4/devices"
"iPad14,8；iPad14,9；iPad14,10；iPad14,11","iPad Air (M2, 11-inch)；iPad Air (M2, 13-inch)","26.5.2","23F84","iPad_Air_M2_26.5.2_23F84_Restore.ipsw","https://api.ipsw.me/v4/devices"
"iPad15,3；iPad15,4；iPad15,5；iPad15,6","iPad Air 11-inch (M3)；iPad Air 13-inch (M3)","26.5.2","23F84","iPad15,3,iPad15,4,iPad15,5,iPad15,6_26.5.2_23F84_Restore.ipsw","https://api.ipsw.me/v4/devices"
"iPad15,7","iPad (A16, WiFi)","26.5.2","23F84","iPad15,7_26.5.2_23F84_Restore.ipsw","https://api.ipsw.me/v4/devices"
"iPad15,8","iPad (A16, Cellular)","26.5.2","23F84","iPad15,8_26.5.2_23F84_Restore.ipsw","https://api.ipsw.me/v4/devices"
"iPad16,1；iPad16,2","iPad mini (A17 Pro)","26.5.2","23F84","iPad16,1,iPad16,2_26.5.2_23F84_Restore.ipsw","https://api.ipsw.me/v4/devices"
"iPad16,3；iPad16,4；iPad16,5；iPad16,6","iPad Pro (M4, 11-inch)；iPad Pro (M4, 13-inch)","26.5.2","23F84","iPad_Pro_M4_26.5.2_23F84_Restore.ipsw","https://api.ipsw.me/v4/devices"
"iPad16,8；iPad16,9；iPad16,10；iPad16,11","iPad Air 11-inch (M4)；iPad Air 13-inch (M4)","26.5.2","23F84","iPad16,10,iPad16,11,iPad16,8,iPad16,9_26.5.2_23F84_Restore.ipsw","https://api.ipsw.me/v4/devices"
"iPad17,1；iPad17,2；iPad17,3；iPad17,4","iPad Pro 11-inch (M5)；iPad Pro 13-inch (M5)","26.5.2","23F84","iPad17,1,iPad17,2,iPad17,3,iPad17,4_26.5.2_23F84_Restore.ipsw","https://api.ipsw.me/v4/devices"
"iPhone1,1","iPhone 2G","3.1.3","7E18","iPhone1,1_3.1.3_7E18_Restore.ipsw","https://api.ipsw.me/v4/devices"
"iPhone1,2","iPhone 3G","4.2","8C148","iPhone1,2_4.2.1_8C148_Restore.ipsw","https://api.ipsw.me/v4/devices"
"iPhone2,1","iPhone 3GS","6.1.6","10B500","iPhone2,1_6.1.6_10B500_Restore.ipsw","https://api.ipsw.me/v4/devices"
"iPhone3,1","iPhone 4 (GSM)","7.1.2","11D257","iPhone3,1_7.1.2_11D257_Restore.ipsw","https://api.ipsw.me/v4/devices"
"iPhone3,2","iPhone 4 (GSM / 2012)","7.1.2","11D257","iPhone3,2_7.1.2_11D257_Restore.ipsw","https://api.ipsw.me/v4/devices"
"iPhone3,3","iPhone 4 (CDMA)","7.1.2","11D257","iPhone3,3_7.1.2_11D257_Restore.ipsw","https://api.ipsw.me/v4/devices"
"iPhone4,1","iPhone 4s","9.3.6","13G37","iPhone4,1_9.3.6_13G37_Restore.ipsw","https://api.ipsw.me/v4/devices"
"iPhone5,1；iPhone5,2","iPhone 5","10.3.4","14G61","iPhone_4.0_32bit_10.3.4_14G61_Restore.ipsw","https://api.ipsw.me/v4/devices"
"iPhone5,3；iPhone5,4","iPhone 5c","10.3.3","14G60","iPhone_4.0_32bit_10.3.3_14G60_Restore.ipsw","https://api.ipsw.me/v4/devices"
"iPhone6,1；iPhone6,2","iPhone 5s","12.5.8","16H88","iPhone_4.0_64bit_12.5.8_16H88_Restore.ipsw","https://api.ipsw.me/v4/devices"
"iPhone7,1","iPhone 6+","12.5.8","16H88","iPhone_5.5_12.5.8_16H88_Restore.ipsw","https://api.ipsw.me/v4/devices"
"iPhone7,2","iPhone 6","12.5.8","16H88","iPhone_4.7_12.5.8_16H88_Restore.ipsw","https://api.ipsw.me/v4/devices"
"iPhone8,1","iPhone 6s","15.8.8","19H422","iPhone_4.7_15.8.8_19H422_Restore.ipsw","https://api.ipsw.me/v4/devices"
"iPhone8,2","iPhone 6s+","15.8.8","19H422","iPhone_5.5_15.8.8_19H422_Restore.ipsw","https://api.ipsw.me/v4/devices"
"iPhone8,4","iPhone SE","15.8.8","19H422","iPhone_4.0_64bit_15.8.8_19H422_Restore.ipsw","https://api.ipsw.me/v4/devices"
"iPhone9,1；iPhone9,3","iPhone 7","15.8.8","19H422","iPhone_4.7_P3_15.8.8_19H422_Restore.ipsw","https://api.ipsw.me/v4/devices"
"iPhone9,2；iPhone9,4","iPhone 7 Plus","15.8.8","19H422","iPhone_5.5_P3_15.8.8_19H422_Restore.ipsw","https://api.ipsw.me/v4/devices"
"iPhone10,1；iPhone10,4","iPhone 8","16.7.16","20H392","iPhone_4.7_P3_16.7.16_20H392_Restore.ipsw","https://api.ipsw.me/v4/devices"
"iPhone10,2；iPhone10,5","iPhone 8 Plus","16.7.16","20H392","iPhone_5.5_P3_16.7.16_20H392_Restore.ipsw","https://api.ipsw.me/v4/devices"
"iPhone10,3；iPhone10,6","iPhone X","16.7.16","20H392","iPhone10,3,iPhone10,6_16.7.16_20H392_Restore.ipsw","https://api.ipsw.me/v4/devices"
"iPhone11,2；iPhone11,4；iPhone11,6","iPhone XS；iPhone XS Max","18.7.9","22H355","iPhone11,2,iPhone11,4,iPhone11,6_18.7.9_22H355_Restore.ipsw","https://api.ipsw.me/v4/devices"
"iPhone11,8","iPhone XR","18.7.9","22H355","iPhone11,8_18.7.9_22H355_Restore.ipsw","https://api.ipsw.me/v4/devices"
"iPhone12,1","iPhone 11","26.5.2","23F84","iPhone12,1_26.5.2_23F84_Restore.ipsw","https://api.ipsw.me/v4/devices"
"iPhone12,3；iPhone12,5","iPhone 11 Pro；iPhone 11 Pro Max","26.5.2","23F84","iPhone12,3,iPhone12,5_26.5.2_23F84_Restore.ipsw","https://api.ipsw.me/v4/devices"
"iPhone12,8","iPhone SE (2020)","26.5.2","23F84","iPhone12,8_26.5.2_23F84_Restore.ipsw","https://api.ipsw.me/v4/devices"
"iPhone13,1","iPhone 12 mini","26.5.2","23F84","iPhone13,1_26.5.2_23F84_Restore.ipsw","https://api.ipsw.me/v4/devices"
"iPhone13,2；iPhone13,3","iPhone 12；iPhone 12 Pro","26.5.2","23F84","iPhone13,2,iPhone13,3_26.5.2_23F84_Restore.ipsw","https://api.ipsw.me/v4/devices"
"iPhone13,4","iPhone 12 Pro Max","26.5.2","23F84","iPhone13,4_26.5.2_23F84_Restore.ipsw","https://api.ipsw.me/v4/devices"
"iPhone14,2","iPhone 13 Pro","26.5.2","23F84","iPhone14,2_26.5.2_23F84_Restore.ipsw","https://api.ipsw.me/v4/devices"
"iPhone14,3","iPhone 13 Pro Max","26.5.2","23F84","iPhone14,3_26.5.2_23F84_Restore.ipsw","https://api.ipsw.me/v4/devices"
"iPhone14,4","iPhone 13 mini","26.5.2","23F84","iPhone14,4_26.5.2_23F84_Restore.ipsw","https://api.ipsw.me/v4/devices"
"iPhone14,5","iPhone 13","26.5.2","23F84","iPhone14,5_26.5.2_23F84_Restore.ipsw","https://api.ipsw.me/v4/devices"
"iPhone14,6","iPhone SE (3rd generation)","26.5.2","23F84","iPhone14,6_26.5.2_23F84_Restore.ipsw","https://api.ipsw.me/v4/devices"
"iPhone14,7","iPhone 14","26.5.2","23F84","iPhone14,7_26.5.2_23F84_Restore.ipsw","https://api.ipsw.me/v4/devices"
"iPhone14,8","iPhone 14 Plus","26.5.2","23F84","iPhone14,8_26.5.2_23F84_Restore.ipsw","https://api.ipsw.me/v4/devices"
"iPhone15,2","iPhone 14 Pro","26.5.2","23F84","iPhone15,2_26.5.2_23F84_Restore.ipsw","https://api.ipsw.me/v4/devices"
"iPhone15,3","iPhone 14 Pro Max","26.5.2","23F84","iPhone15,3_26.5.2_23F84_Restore.ipsw","https://api.ipsw.me/v4/devices"
"iPhone15,4","iPhone 15","26.5.2","23F84","iPhone15,4_26.5.2_23F84_Restore.ipsw","https://api.ipsw.me/v4/devices"
"iPhone15,5","iPhone 15 Plus","26.5.2","23F84","iPhone15,5_26.5.2_23F84_Restore.ipsw","https://api.ipsw.me/v4/devices"
"iPhone16,1","iPhone 15 Pro","26.5.2","23F84","iPhone16,1_26.5.2_23F84_Restore.ipsw","https://api.ipsw.me/v4/devices"
"iPhone16,2","iPhone 15 Pro Max","26.5.2","23F84","iPhone16,2_26.5.2_23F84_Restore.ipsw","https://api.ipsw.me/v4/devices"
"iPhone17,1","iPhone 16 Pro","26.5.2","23F84","iPhone17,1_26.5.2_23F84_Restore.ipsw","https://api.ipsw.me/v4/devices"
"iPhone17,2","iPhone 16 Pro Max","26.5.2","23F84","iPhone17,2_26.5.2_23F84_Restore.ipsw","https://api.ipsw.me/v4/devices"
"iPhone17,3","iPhone 16","26.5.2","23F84","iPhone17,3_26.5.2_23F84_Restore.ipsw","https://api.ipsw.me/v4/devices"
"iPhone17,4","iPhone 16 Plus","26.5.2","23F84","iPhone17,4_26.5.2_23F84_Restore.ipsw","https://api.ipsw.me/v4/devices"
"iPhone17,5","iPhone 16e","26.5.2","23F84","iPhone17,5_26.5.2_23F84_Restore.ipsw","https://api.ipsw.me/v4/devices"
"iPhone18,1","iPhone 17 Pro","26.5.2","23F84","iPhone18,1_26.5.2_23F84_Restore.ipsw","https://api.ipsw.me/v4/devices"
"iPhone18,2","iPhone 17 Pro Max","26.5.2","23F84","iPhone18,2_26.5.2_23F84_Restore.ipsw","https://api.ipsw.me/v4/devices"
"iPhone18,3","iPhone 17","26.5.2","23F84","iPhone18,3_26.5.2_23F84_Restore.ipsw","https://api.ipsw.me/v4/devices"
"iPhone18,4","iPhone Air","26.5.2","23F84","iPhone18,4_26.5.2_23F84_Restore.ipsw","https://api.ipsw.me/v4/devices"
"iPhone18,5","iPhone 17e","26.5.2","23F84","iPhone18,5_26.5.2_23F84_Restore.ipsw","https://api.ipsw.me/v4/devices"
"iPod1,1","iPod touch 1G","1.1.5","4B1","iPod1,1_1.1.5_4B1_Restore.ipsw","https://api.ipsw.me/v4/devices"
"iPod2,1","iPod touch 2G","4.2","8C148","iPod2,1_4.2.1_8C148_Restore.ipsw","https://api.ipsw.me/v4/devices"
"iPod3,1","iPod touch 3","5.1.1","9B206","iPod3,1_5.1.1_9B206_Restore.ipsw","https://api.ipsw.me/v4/devices"
"iPod4,1","iPod touch 4","6.1.6","10B500","iPod4,1_6.1.6_10B500_Restore.ipsw","https://api.ipsw.me/v4/devices"
"iPod5,1","iPod touch 5","9.3.5","13G36","iPod5,1_9.3.5_13G36_Restore.ipsw","https://api.ipsw.me/v4/devices"
"iPod7,1","iPod touch 6","12.5.8","16H88","iPodtouch_12.5.8_16H88_Restore.ipsw","https://api.ipsw.me/v4/devices"
"iPod9,1","iPod touch 7","15.8.8","19H422","iPodtouch_7_15.8.8_19H422_Restore.ipsw","https://api.ipsw.me/v4/devices"
